lambda,batch_size,units,dropout,num_layers,units_hidden,learning_rate,momentum,fold,train_loss,val_loss,accuracy,val_accuracy,mse,val_mse
7.013643412410188e-05,60,288,0.4,5,224,0.002201533353413628,0.1,1,0.330912321805954,0.33352434635162354,0.5555555820465088,0.4000000059604645,0.2495342642068863,0.25214633345603943
3.963494706863018e-06,60,352,0.30000000000000004,4,64,0.0056507560879162375,0.2,2,0.25148072838783264,0.254071980714798,0.5252525210380554,0.47999998927116394,0.2502307593822479,0.25282201170921326
0.0002004385396949504,20,160,0.0,1,32,0.008552788406092913,0.9,3,0.23659396171569824,0.2462862730026245,0.6666666865348816,0.6399999856948853,0.22328968346118927,0.23298200964927673
0.0007336255594408308,36,448,0.0,6,64,0.0005347601471523541,0.5,4,0.5757741332054138,0.582181990146637,0.5252525210380554,0.4000000059604645,0.24916082620620728,0.25556865334510803
0.00012047840107560641,92,320,0.30000000000000004,2,224,0.002378558206931083,0.30000000000000004,5,0.310070276260376,0.3066331744194031,0.5199999809265137,0.5416666865348816,0.24985212087631226,0.24641501903533936
