lambda,batch_size,units,dropout,num_layers,units_hidden,learning_rate,momentum,fold,train_loss,val_loss,accuracy,val_accuracy,mse,val_mse
7.013643412410188e-05,60,288,0.4,5,224,0.002201533353413628,0.1,1,0.3436911404132843,0.32768580317497253,0.5322580933570862,0.5162037014961243,0.2622108459472656,0.24620579183101654
