regularizer,lr,batch_size,fold,accuracy,val_accuracy,mse,val_mse
0.04221212427861047,0.02941078256164417,128,3,0.9344262480735779,0.9722222089767456,0.08033088594675064,0.06478866189718246
