lambda,batch_size,units,dropout,num_layers,units_hidden,learning_rate,momentum,fold,accuracy,val_accuracy,mse,val_mse
0.0004580424419568191,80,32,0.0,1,64,0.003737872105876604,0.6000000000000001,5,0.7419354915618896,0.6504629850387573,0.1815323531627655,0.22240617871284485
