lambda,batch_size,units,dropout,num_layers,units_hidden,learning_rate,momentum,fold,accuracy,val_accuracy,mse,val_mse
3.817821647196881e-05,16,128,0.2,1,96,0.0037166754517216007,0.4,1,0.7070707082748413,0.8799999952316284,0.22886495292186737,0.21932852268218994
8.718176026869983e-05,44,32,0.1,1,64,0.0014327010265318782,0.9,2,0.6767676472663879,0.8799999952316284,0.22781695425510406,0.2192632555961609
0.000976985098882442,40,96,0.2,1,32,0.00431019016344334,0.2,3,0.6363636255264282,0.8399999737739563,0.24232889711856842,0.2367347776889801
0.007707716367029466,36,96,0.1,3,32,0.0007723686226052484,0.9,4,0.6969696879386902,0.8399999737739563,0.23539094626903534,0.23150384426116943
0.0004580424419568191,80,32,0.0,1,64,0.003737872105876604,0.6000000000000001,5,0.6800000071525574,0.8333333134651184,0.20817212760448456,0.1817668080329895
