lambda,batch_size,units,dropout,num_layers,units_hidden,learning_rate,fold,accuracy,val_accuracy,mse,val_mse
0.000559270038499992,48,32,0.2,3,32,0.009673431123937811,4,0.857988178730011,0.8449074029922485,0.10002519935369492,0.11241473257541656
