lambda,batch_size,units,dropout,num_layers,units_hidden,learning_rate,fold,accuracy,val_accuracy,mse,val_mse
0.001634224658884753,92,96,0.1,2,64,0.00908184214732176,1,1.0,0.970588207244873,0.002457610797137022,0.049531489610672
0.001606628167401982,16,96,0.1,2,32,0.00417046787244742,2,0.9629629850387573,0.9411764740943909,0.044664524495601654,0.07381545752286911
6.428801581685781e-06,64,64,0.1,2,96,0.004829761874275567,3,0.9481481313705444,0.9117646813392639,0.058780521154403687,0.11016586422920227
0.000559270038499992,48,32,0.2,3,32,0.009673431123937811,4,0.8740741014480591,0.7941176295280457,0.10148300975561142,0.15256533026695251
3.4390719572079345e-05,92,32,0.1,3,128,0.00047470035662616327,5,0.9411764740943909,0.8181818127632141,0.0747479796409607,0.15232348442077637
