lambda,units,dropout,num_layers,units_hidden,learning_rate,batch_size,fold,mse,val_mse,mean_euclidean_error,val_mean_euclidean_error
0.0011810001498362536,32,0.2,1,96,0.0003205205517146071,8,1,[ 0.00966493 -0.08135097  8.56563681],[ 0.03710958 -0.05831884  8.83976021],[0.14490268 0.03214339 9.91642214],[ 0.16454976  0.04863164 10.11266162]
4.899861935389503e-05,128,0.0,2,32,0.0003910504520792127,8,2,[-0.01868983 -0.10514689  8.28242298],[ 0.05376788 -0.04433885  9.0061471 ],[ 0.08456656 -0.01849195  9.31377131],[0.15161589 0.03777726 9.98347518]
2.2203269798583585e-06,32,0.0,3,128,0.0005334045447934204,8,3,[-0.02514821 -0.1105669   8.21791523],[ 0.03246699 -0.062215    8.79338897],[ 0.0622982  -0.03718002  9.09134986],[0.14601097 0.0330735  9.92749204]
6.908355737670431e-06,32,0.0,2,96,0.008237059732496303,26,4,[-0.01309618 -0.10045258  8.33829365],[-0.01975694 -0.10604243  8.27176451],[ 0.08692338 -0.01651406  9.33731169],[ 0.09329166 -0.01116966  9.40091957]
1.9919664420777557e-06,96,0.2,2,64,0.0003271739205768162,22,5,[ 0.02434651 -0.06902988  8.7122798 ],[-5.12419116e-03 -9.37623164e-02  8.41791971e+00],[ 0.16756939  0.05116577 10.14282235],[0.13112769 0.02058314 9.77883445]
