regularizer,lr,batch_size,fold,accuracy,val_accuracy,mse,val_mse
0.00034833727995289994,0.014666927642574478,16,4,0.6035503149032593,0.6064814925193787,0.2242148369550705,0.22639933228492737
