{
    "Test Loss": 0.09689505398273468,
    "Test MSE": 0.07743705809116364,
    "Hyperparameters": {
        "n_centers": 37,
        "gamma": 0.09799999999999999,
        "learning_rate": 0.0051,
        "batch_size": 7,
        "reg_strength": 0.0001,
        "tuner/epochs": 17,
        "tuner/initial_epoch": 6,
        "tuner/bracket": 3,
        "tuner/round": 2,
        "tuner/trial_id": "0035"
    }
}