lambda,batch_size,units,dropout,num_layers,units_hidden,learning_rate,fold,accuracy,val_accuracy,mse,val_mse
0.00015246236921723864,112,32,0.1,2,64,0.0005511246797862368,4,0.857988178730011,0.7777777910232544,0.11258196085691452,0.14777901768684387
