lambda,batch_size,units,dropout,num_layers,units_hidden,learning_rate,fold,accuracy,val_accuracy,mse,val_mse
0.00042578141637996026,100,96,0.0,1,128,0.0068153431942708865,1,1.0,0.9411764740943909,0.0002961682330351323,0.0697745531797409
3.072178317121795e-06,96,128,0.2,2,96,0.008540133446698876,2,0.9925925731658936,0.970588207244873,0.011916271410882473,0.04124545678496361
0.0018344693024316939,112,64,0.1,2,32,0.006336060548229381,3,0.8888888955116272,0.9411764740943909,0.08056493103504181,0.0882936641573906
0.00015246236921723864,112,32,0.1,2,64,0.0005511246797862368,4,0.6000000238418579,0.7647058963775635,0.23048684000968933,0.22040696442127228
0.0003745833206825581,84,128,0.1,2,64,0.008620662600230582,5,1.0,0.8787878751754761,0.0010813415283337235,0.12471109628677368
