regularizer,lr,batch_size,fold,accuracy,val_accuracy,mse,val_mse
0.00043772058935745135,0.010390577814771566,96,5,0.7822580933570862,0.7245370149612427,0.15748605132102966,0.1855991631746292
