lambda,units,dropout,num_layers,units_hidden,learning_rate,batch_size,fold,mse,val_mse,mean_euclidean_error,val_mean_euclidean_error
1.2976787156036187e-05,128,0.2,1,64,0.0019537048327072635,8,1,0.04508158564567566,0.06087531894445419,0.16556186974048615,0.18032924830913544
1.1118030641753983e-06,96,0.2,1,64,0.0035072152287283025,22,2,0.043660350143909454,0.09931440651416779,0.16980232298374176,0.21903136372566223
1.485838782159909e-06,64,0.2,3,96,0.0005717115688395055,20,3,0.05979520082473755,0.10688135772943497,0.19466468691825867,0.25206512212753296
1.2307350269525428e-05,128,0.0,3,64,0.003919654103496624,8,4,0.03950369358062744,0.023036807775497437,0.13983666896820068,0.13292627036571503
6.808482142055094e-05,128,0.1,1,96,0.0006384825574016378,8,5,0.03087567910552025,0.015887876972556114,0.12443019449710846,0.11032223701477051
