lambda,units,dropout,num_layers,units_hidden,learning_rate,batch_size,fold,accuracy,val_accuracy,mse,val_mse
4.027971932010257e-05,64,0.2,2,96,0.0003087530450909568,8,3,0.9435483813285828,0.8194444179534912,0.0451345294713974,0.12208586931228638
