lambda,units,dropout,num_layers,units_hidden,learning_rate,batch_size,fold,accuracy,val_accuracy,mse,val_mse
2.5573738772260937e-06,96,0.0,3,32,0.0012179247857147329,8,1,1.0,0.9599999785423279,0.0021436838433146477,0.05666930973529816
1.4638444809174848e-05,32,0.1,2,96,0.002613956776855358,8,2,1.0,0.9599999785423279,0.00020927173318341374,0.04842224717140198
4.027971932010257e-05,64,0.2,2,96,0.0003087530450909568,8,3,0.8383838534355164,0.7200000286102295,0.2088959664106369,0.23012162744998932
0.0026168326839887033,64,0.2,3,96,0.00030676124291065645,8,4,0.9494949579238892,0.8399999737739563,0.045467544347047806,0.15763238072395325
0.0032258166395114354,96,0.1,3,96,0.0012866407350287678,8,5,1.0,0.9583333134651184,0.0013539391802623868,0.06114700436592102
