regularizer,lr,batch_size,fold,accuracy,val_accuracy,mse,val_mse
0.008560367053809864,0.08893582862022424,96,5,0.7822580933570862,0.7013888955116272,0.14979387819766998,0.1938205510377884
