lambda,batch_size,units,dropout,num_layers,units_hidden,learning_rate,fold,accuracy,val_accuracy,mse,val_mse
1.472021792359691e-05,104,96,0.2,2,96,0.008322314824301019,1,1.0,1.0,0.00023599558335263282,0.004294439684599638
0.004230583889192567,48,128,0.0,3,96,0.0031521520106586797,2,0.9595959782600403,0.9200000166893005,0.031025966629385948,0.07429718971252441
1.812516917227252e-05,112,128,0.2,3,96,0.005804119674592864,3,1.0,0.9599999785423279,0.006128947716206312,0.031487949192523956
0.006215270747050868,68,128,0.0,2,32,0.009818316820205666,4,0.9898989796638489,0.9200000166893005,0.009095339104533195,0.08183997124433517
7.030328768198617e-06,104,128,0.2,2,128,0.00635451800801201,5,1.0,1.0,0.0064000762067735195,0.02070799469947815
