regularizer,lr,batch_size,fold,accuracy,val_accuracy,mse,val_mse
0.310534932323625,0.0010531082074441086,48,1,0.6213017702102661,0.6689814925193787,0.22698606550693512,0.22151127457618713
