regularizer,lr,batch_size,fold,accuracy,val_accuracy,mse,val_mse
6.2988548715009465e-06,0.03936598921471301,18,3,0.7016128897666931,0.6481481194496155,0.18388745188713074,0.2266717553138733
