n_centers,gamma,learning_rate,batch_size,fold,accuracy,val_accuracy,mse,val_mse
175,0.175,0.2,16,5,0.9754098653793335,0.9305555820465088,0.028121495619416237,0.05182970315217972
