lambda,batch_size,units,dropout,num_layers,units_hidden,learning_rate,momentum,fold,accuracy,val_accuracy,mse,val_mse
0.00011705978956486377,40,64,0.0,3,96,0.002995853178427231,0.5,1,0.6868686676025391,0.8399999737739563,0.23837068676948547,0.23614227771759033
3.249711225117768e-06,84,128,0.0,3,32,0.009989156675663677,0.6000000000000001,2,0.8383838534355164,0.9200000166893005,0.18998205661773682,0.2002207189798355
0.004033599797383787,120,64,0.0,1,96,0.002816859726453112,0.0,3,0.6565656661987305,0.800000011920929,0.2309897094964981,0.23004531860351562
0.0018344693024316939,112,64,0.1,2,32,0.006336060548229381,0.8,4,0.747474730014801,0.8399999737739563,0.21520768105983734,0.22470971941947937
0.009021142379742348,104,32,0.2,2,32,0.003967246392930131,0.7000000000000001,5,0.7599999904632568,0.7083333134651184,0.21996960043907166,0.2291851043701172
