lambda,batch_size,units,dropout,num_layers,units_hidden,learning_rate,momentum,fold,accuracy,val_accuracy,mse,val_mse
0.009021142379742348,104,32,0.2,2,32,0.003967246392930131,0.7000000000000001,5,0.7338709831237793,0.6435185074806213,0.20375393331050873,0.22336232662200928
