regularizer,lr,batch_size,fold,accuracy,val_accuracy,mse,val_mse
0.0035874244453817953,0.05209605442646875,96,1,0.6213017702102661,0.6111111044883728,0.22731509804725647,0.23239625990390778
