units,num_layers,lambda,dropout,learning_rate,batch_size,fold,mse,val_mse,mean_euclidean_error,val_mean_euclidean_error
128,2,4.006997643544333e-05,0.1,0.0003340373742720006,16,1,0.15191288814124387,0.22298401611067187,0.5823448209471724,0.654441903092893
32,1,1.2124395364511965e-05,0.0,0.005486272562976355,128,2,0.1017399331445185,0.35315385307431446,0.4876851786935979,0.7673934876174269
64,3,1.70328245683174e-06,0.1,0.0004826038221672518,16,3,0.13352821118646216,0.3203238519658319,0.5497460574487568,0.8026834356043445
96,1,1.9401169356912987e-06,0.1,0.0010731280858402223,32,4,0.13186943043911886,0.11650119722118575,0.5228849806981878,0.5822320423174928
32,3,5.026876136708517e-06,0.0,0.0022232368862489644,112,5,0.11934980434571218,0.0954159868673619,0.5176003019192953,0.5473737418140548
