lambda,batch_size,units,dropout,num_layers,units_hidden,learning_rate,momentum,fold,train_loss,val_loss,accuracy,val_accuracy,mse,val_mse
0.0009266689597413743,120,256,0.2,5,32,0.00014111965749931114,0.7000000000000001,1,0.49494948983192444,0.6000000238418579,0.4311198592185974,0.4266647696495056,0.2475210428237915,0.24306592345237732
0.015873206465718024,48,128,0.2,3,32,0.0033178639809267113,0.30000000000000004,2,0.7070707082748413,0.8799999952316284,2.159151792526245,2.155482053756714,0.2419602870941162,0.23829059302806854
6.214060517904013e-05,28,192,0.2,1,32,0.003081373838058736,0.5,3,0.4747474789619446,0.6000000238418579,0.26413145661354065,0.2520022690296173,0.2598259747028351,0.24769680202007294
0.023146054111252246,96,128,0.2,8,64,0.0001201370629011427,0.5,4,0.4747474789619446,0.6000000238418579,12.857555389404297,12.85684585571289,0.25069311261177063,0.2499823421239853
0.001129344084878242,40,192,0.1,1,64,0.00991007956456613,0.30000000000000004,5,0.7200000286102295,0.8333333134651184,0.3219982981681824,0.29934942722320557,0.19656485319137573,0.17391599714756012
