batch_size,units,dropout,num_layers,units_hidden,learning_rate,momentum,reg,train_loss,test_loss
24,384,0.1,7,96,0.0007389159591781176,0.9,0.00038129678768194814,0.5290451049804688,0.5284022092819214
