lambda,batch_size,units,dropout,num_layers,units_hidden,learning_rate,fold,accuracy,val_accuracy,mse,val_mse
4.243299052861752e-06,128,96,0.2,2,64,0.001485988466611943,1,0.939393937587738,0.9599999785423279,0.04350537061691284,0.07382695376873016
1.1728202016185373e-05,120,96,0.1,2,96,0.007321296638449716,2,0.9797979593276978,0.9599999785423279,0.015515332110226154,0.05808122083544731
1.3686176615024997e-06,56,96,0.0,2,96,0.009228294434383139,3,1.0,0.9599999785423279,6.807293630117783e-06,0.05956663191318512
0.0015997474976347924,56,32,0.1,2,96,0.000511281121262892,4,0.6363636255264282,0.8799999952316284,0.2345171868801117,0.22202879190444946
0.000686792609339184,36,128,0.2,3,32,0.0014992380430752666,5,0.9399999976158142,0.9166666865348816,0.04193134605884552,0.07023849338293076
