lambda,batch_size,units,dropout,num_layers,units_hidden,learning_rate,fold,accuracy,val_accuracy,mse,val_mse
0.0015997474976347924,56,32,0.1,2,96,0.000511281121262892,4,0.9193548560142517,0.7962962985038757,0.060626428574323654,0.1432899385690689
