lambda,dropout,learning_rate,batch_size,fold,accuracy,val_accuracy,mse,val_mse
3.2640557068664248e-06,0.0,0.004274931394402063,16,1,0.9508196711540222,0.9467592835426331,0.02731824852526188,0.036832138895988464
