lambda,dropout,learning_rate,batch_size,fold,accuracy,val_accuracy,mse,val_mse
3.2640557068664248e-06,0.0,0.004274931394402063,16,1,0.9278350472450256,0.9200000166893005,0.06038659065961838,0.12207967042922974
0.00010697861392817343,0.1,0.004726311111933951,16,2,0.9278350472450256,1.0,0.09061207622289658,0.08314704895019531
1.0301043858489055e-05,0.2,0.004560928645598725,32,3,0.9285714030265808,0.9583333134651184,0.08286486566066742,0.08681481331586838
0.0005250900084344522,0.1,0.007054316915566914,80,4,0.9081632494926453,1.0,0.11687835305929184,0.09789862483739853
0.0010968012401774293,0.0,0.009583879855598864,128,5,0.9285714030265808,0.9583333134651184,0.11813981831073761,0.12650638818740845
