lambda,batch_size,units,dropout,num_layers,units_hidden,learning_rate,momentum,fold,accuracy,val_accuracy,mse,val_mse
1.3598143732295409e-06,76,416,0.0,1,64,0.003414962826731036,0.2,1,0.6565656661987305,0.8399999737739563,0.23311714828014374,0.21796712279319763
4.826222172280914e-06,88,448,0.1,3,64,0.0012897044683118123,0.4,2,0.7070707082748413,0.6800000071525574,0.2335134744644165,0.2302672415971756
3.4168096116793914e-06,44,384,0.4,3,64,0.0027704511885194073,0.8,3,0.4747474789619446,0.6000000238418579,0.2604760527610779,0.24341276288032532
2.528390604777748e-06,32,32,0.1,1,32,0.006489108709865806,0.30000000000000004,4,0.5959596037864685,0.7599999904632568,0.24220293760299683,0.20995575189590454
5.43392624581358e-06,92,320,0.0,3,160,0.007618398764667698,0.5,5,0.7400000095367432,0.7916666865348816,0.20333707332611084,0.18875165283679962
