regularizer,lr,batch_size,fold,accuracy,val_accuracy,mse,val_mse
0.024427285037852547,0.0038490577507469315,32,5,0.8032786846160889,0.8101851940155029,0.1375436782836914,0.13655583560466766
