lambda,batch_size,units,dropout,num_layers,units_hidden,learning_rate,fold,accuracy,val_accuracy,mse,val_mse
0.00030636130483546606,124,32,0.1,3,96,0.007753291753258928,1,0.9777777791023254,0.9411764740943909,0.01991189830005169,0.046273209154605865
0.0032232071904743594,112,64,0.0,2,96,0.006284284551992185,2,1.0,1.0,0.001113490667194128,0.016347337514162064
0.0026168326839887033,48,128,0.2,2,32,0.0037514444431124973,3,0.970370352268219,1.0,0.020769773051142693,0.04743465036153793
7.496006193448112e-05,88,128,0.2,3,64,0.009316719864983431,4,0.9407407641410828,0.7941176295280457,0.05208677425980568,0.14634688198566437
0.0029483495629010524,96,128,0.0,3,96,0.0055650169118779515,5,1.0,0.9696969985961914,0.0014354991726577282,0.04036666825413704
