lambda,batch_size,units,dropout,num_layers,units_hidden,learning_rate,fold,accuracy,val_accuracy,mse,val_mse
7.496006193448112e-05,88,128,0.2,3,64,0.009316719864983431,4,0.9408283829689026,0.8726851940155029,0.05033707618713379,0.1110728308558464
