regularizer,lr,batch_size,fold,accuracy,val_accuracy,mse,val_mse
0.0033115984388193964,0.00043882822517266263,24,1,0.639053225517273,0.6226851940155029,0.2297656238079071,0.22681421041488647
