lambda,units,dropout,num_layers,units_hidden,learning_rate,batch_size,fold,mse,val_mse,mean_euclidean_error,val_mean_euclidean_error
0.000416946959893726,64,0.1,3,32,0.003251894878709579,8,1,[ 1.53863377e-03 -8.81707334e-02  8.48446952e+00],[ 0.02187733 -0.07110207  8.68761706],[0.12593493 0.01622525 9.72696791],[0.13158998 0.0209711  9.78345189]
1.4131461961595604e-06,128,0.2,3,96,0.005308861714168345,8,2,[ 0.01751141 -0.07476605  8.6440092 ],[ 0.07647561 -0.02528205  9.23295701],[ 0.17196528  0.0548549  10.18672958],[ 0.2309753   0.10437735 10.77613505]
2.5030763470194663e-05,32,0.1,1,32,0.00022432545348653786,14,3,[ 0.05176317 -0.04602125  8.98612354],[ 0.09470959 -0.0099797   9.4150822 ],[ 0.21337418  0.08960612 10.60033107],[ 0.27284868  0.13951838 11.19437587]
6.047479526432093e-05,32,0.1,3,64,0.00028670957959086674,26,4,[ 0.02339711 -0.06982664  8.70279689],[ 0.01057674 -0.08058576  8.57474416],[ 0.16107236  0.04571333 10.07792857],[ 0.17473968  0.05718323 10.21444082]
0.0008095918424375877,96,0.2,1,32,0.0030894741793587046,16,5,[ 3.72135280e-03 -8.63389496e-02  8.50627101e+00],[-0.02199422 -0.10792     8.24941808],[1.16037177e-01 7.91885588e-03 9.62810695e+00],[ 0.08906809 -0.01471417  9.35873358]
