lambda,dropout,learning_rate,batch_size,fold,accuracy,val_accuracy,mse,val_mse
0.0015903497728002934,0.2,0.008530202096475512,48,1,0.9191918969154358,0.9599999785423279,0.10749489068984985,0.11873064935207367
0.004390733946031211,0.0,0.009173742748112652,16,2,1.0,1.0,0.017852693796157837,0.049674902111291885
0.0016655993726945714,0.2,0.001368581918321357,16,3,0.868686854839325,0.9200000166893005,0.16234788298606873,0.18201099336147308
1.0995197891901334e-05,0.0,0.006651041656536996,16,4,0.8989899158477783,0.8799999952316284,0.06635323166847229,0.08338946104049683
0.0001281816245332117,0.1,0.00904584915372019,16,5,0.9599999785423279,0.9583333134651184,0.018981879577040672,0.03466787934303284
