lambda,dropout,learning_rate,batch_size,fold,accuracy,val_accuracy,mse,val_mse
0.00287917167292694,0.1,0.006872012306930748,16,1,0.976331353187561,0.9722222089767456,0.04231644049286842,0.04197418689727783
