lambda,dropout,learning_rate,batch_size,fold,accuracy,val_accuracy,mse,val_mse
0.00287917167292694,0.1,0.006872012306930748,16,1,0.9925925731658936,1.0,0.04826223850250244,0.08728186041116714
3.0128366920482462e-05,0.2,0.004299211781488068,16,2,0.9851852059364319,1.0,0.07026032358407974,0.06697823852300644
1.0025268926719594e-06,0.1,0.005288494573505621,32,3,0.9777777791023254,1.0,0.09376627206802368,0.07501603662967682
0.0001583655970960374,0.0,0.003225943238477045,16,4,0.9925925731658936,1.0,0.056884534657001495,0.08112143725156784
1.451329657389522e-05,0.1,0.005229719005846043,16,5,0.9852941036224365,1.0,0.05101527273654938,0.067293182015419
