lambda,units,dropout,num_layers,learning_rate,batch_size,fold,accuracy,val_accuracy,mse,val_mse
5.864612735703015e-06,32,0.2,2,0.006351062743654629,8,1,1.0,1.0,0.003394295461475849,0.008280674926936626
0.0011083559318512536,128,0.2,2,0.0024174314667387863,26,2,1.0,0.9599999785423279,0.003815786447376013,0.06060211732983589
1.7186981744085118e-06,96,0.0,1,0.004017531383178385,8,3,1.0,1.0,1.605075340194162e-06,0.021992642432451248
1.7897193365462773e-05,96,0.1,3,0.008553027379762107,12,4,1.0,0.9599999785423279,0.000466494559077546,0.0618545301258564
2.5597394869484792e-06,96,0.1,3,0.005374194280325136,8,5,0.949999988079071,1.0,0.038494642823934555,0.024687541648745537
