lambda,units,dropout,num_layers,learning_rate,batch_size,fold,accuracy,val_accuracy,mse,val_mse
0.0011083559318512536,128,0.2,2,0.0024174314667387863,26,2,1.0,0.9560185074806213,0.0012464571045711637,0.03787410631775856
