lambda,batch_size,units,dropout,num_layers,units_hidden,learning_rate,momentum,fold,train_loss,val_loss,accuracy,val_accuracy,mse,val_mse
1.026448364499738e-06,52,480,0.30000000000000004,10,64,0.0004900688590401333,0.9,4,0.24939574301242828,0.2506781816482544,0.524193525314331,0.5277777910232544,0.24867410957813263,0.24995659291744232
