lambda,batch_size,units,dropout,num_layers,units_hidden,learning_rate,momentum,fold,train_loss,val_loss,accuracy,val_accuracy,mse,val_mse
2.0995673645777186e-05,124,384,0.0,1,192,0.005650095221205584,0.5,1,0.21856960654258728,0.21534579992294312,0.7272727489471436,0.800000011920929,0.21291668713092804,0.20969286561012268
4.677192262928712e-06,68,512,0.1,4,224,0.0043202404473434665,0.5,2,0.24191586673259735,0.24136684834957123,0.6969696879386902,0.7200000286102295,0.23724569380283356,0.23669667541980743
1.8932989102249307e-06,52,160,0.1,1,128,0.00025414194281719714,0.9,3,0.23500217497348785,0.25103792548179626,0.6060606241226196,0.47999998927116394,0.23470893502235413,0.25074470043182373
1.026448364499738e-06,52,480,0.30000000000000004,10,64,0.0004900688590401333,0.9,4,0.2506085932254791,0.25161615014076233,0.5252525210380554,0.4000000059604645,0.24988514184951782,0.2508927285671234
2.715848275941485e-06,44,320,0.4,4,96,0.0002450985664020139,0.1,5,0.25287243723869324,0.2506812512874603,0.49000000953674316,0.5416666865348816,0.2516506314277649,0.24945949018001556
