batch_size,reg,learning_rate,momentum,train_loss,test_loss
24,0.00038129678768194814,0.0007389159591781176,0.9,0.18226730823516846,0.26882031559944153
