{
    "Test Loss": 0.09984958916902542,
    "Test MSE": 0.08531878143548965,
    "Final Validation Loss": 0.1613951176404953,
    "Final Validation MSE": 0.14686432480812073,
    "Hyperparameters": {
        "n_centers": 40,
        "gamma": 0.081,
        "learning_rate": 0.0091,
        "batch_size": 17,
        "reg_strength": 0.0002,
        "tuner/epochs": 6,
        "tuner/initial_epoch": 0,
        "tuner/bracket": 2,
        "tuner/round": 0
    }
}