lambda,batch_size,units,dropout,num_layers,units_hidden,learning_rate,momentum,fold,accuracy,val_accuracy,mse,val_mse
0.03858191469371673,116,64,0.2,4,256,0.0013117452857213854,0.4,1,0.6969696879386902,0.8799999952316284,0.2451317012310028,0.24361898005008698
0.0011485653423483498,28,224,0.0,1,64,0.00857683099445653,0.1,2,0.7272727489471436,0.800000011920929,0.22900395095348358,0.22567321360111237
0.00047556605363092627,80,32,0.30000000000000004,3,64,0.0020123720096578085,0.7000000000000001,3,0.6565656661987305,0.7599999904632568,0.2471505105495453,0.24639415740966797
0.03996212912428747,96,448,0.30000000000000004,3,32,0.001236434222402599,0.7000000000000001,4,0.7272727489471436,0.8399999737739563,0.23909308016300201,0.239023819565773
0.0001119309516454713,72,448,0.4,1,192,0.007367975947793896,0.30000000000000004,5,0.7400000095367432,0.8333333134651184,0.21742288768291473,0.20283301174640656
