lambda,batch_size,units,dropout,num_layers,units_hidden,learning_rate,momentum,fold,accuracy,val_accuracy,mse,val_mse
0.00047556605363092627,80,32,0.30000000000000004,3,64,0.0020123720096578085,0.7000000000000001,3,0.5322580933570862,0.6967592835426331,0.24426795542240143,0.23446427285671234
