{
    "Test Loss": 0.13988645374774933,
    "Test MSE": 0.09196093678474426,
    "Final Validation Loss": 0.21369723975658417,
    "Final Validation MSE": 0.1657717525959015,
    "Hyperparameters": {
        "n_centers": 65,
        "gamma": 0.086,
        "learning_rate": 0.0051,
        "batch_size": 2,
        "reg_strength": 0.0009000000000000001,
        "tuner/epochs": 17,
        "tuner/initial_epoch": 6,
        "tuner/bracket": 2,
        "tuner/round": 1,
        "tuner/trial_id": "0059"
    }
}