lambda,batch_size,units,dropout,num_layers,units_hidden,learning_rate,fold,accuracy,val_accuracy,mse,val_mse
0.0074716985199308516,32,32,0.0,3,128,0.002184863515918737,1,0.938144326210022,1.0,0.04050170257687569,0.02947801910340786
0.0008059513063445944,32,128,0.1,3,96,0.00946032233003827,2,0.9793814420700073,1.0,0.02179315872490406,0.022200612351298332
0.00015040512419043283,28,128,0.1,2,64,0.00893157955921789,3,0.9795918464660645,0.9583333134651184,0.02118133008480072,0.05522659420967102
1.9386467299161398e-06,68,96,0.1,3,64,0.009102209798135995,4,0.8469387888908386,1.0,0.111573725938797,0.035730984061956406
0.0007858100615759519,92,96,0.1,3,128,0.004008276646393039,5,0.9897959232330322,0.9166666865348816,0.013320589438080788,0.09053526073694229
