lambda,batch_size,units,dropout,num_layers,units_hidden,learning_rate,fold,accuracy,val_accuracy,mse,val_mse
0.0007858100615759519,92,96,0.1,3,128,0.004008276646393039,5,0.9508196711540222,0.9166666865348816,0.03199305012822151,0.06780873984098434
