n_centers,gamma,learning_rate,batch_size,fold,train_loss,val_loss
165,0.245,0.32,50,5,0.5355889201164246,0.5292357206344604
165,0.245,0.32,50,5,0.5355889201164246,0.5292357206344604
165,0.245,0.32,50,5,0.5355889201164246,0.5292357206344604
165,0.245,0.32,50,5,0.5355889201164246,0.5292357206344604
165,0.245,0.32,50,5,0.5355889201164246,0.5292357206344604
