n_centers,gamma,learning_rate,batch_size,fold,train_loss,val_loss
200,0.23500000000000001,0.15000000000000002,65,1,1.0632095336914062,0.9879986643791199
155,0.155,0.29000000000000004,65,2,1.0246785879135132,1.022356390953064
100,0.28,0.37,60,3,0.9965181350708008,1.1422815322875977
185,0.29500000000000004,0.04,65,4,1.012075424194336,1.1409929990768433
155,0.19,0.060000000000000005,60,5,1.0076205730438232,0.8142156600952148
