batch_size,regularizer,lr,fold,train_loss,val_loss
14,0.0002784357793629969,0.09436345894030303,5,0.18188247084617615,0.2621765732765198
