batch_size,regularizer,lr,fold,train_loss,val_loss
19,0.008590524122743306,0.020141595878239077,4,0.22058561444282532,0.2802010476589203
