batch_size,regularizer,lr,fold,train_loss,val_loss
7,0.013148531553756568,0.004165183860180576,1,0.4001366198062897,0.4078885614871979
2,0.00014943978044618946,1.249070551552031e-05,2,3.0985255241394043,2.4014174938201904
12,4.934603282283038e-05,0.026244505004943377,3,0.19325518608093262,0.2708619236946106
19,0.008590524122743306,0.020141595878239077,4,0.2288133203983307,0.2632879316806793
12,2.4568042513284057e-05,0.0009561590895308728,5,1.5886949300765991,1.3247811794281006
