regularizer,lr,batch_size,fold,accuracy,val_accuracy,mse,val_mse
0.002024579667952527,0.012653487082888602,96,1,0.6153846383094788,0.6134259104728699,0.2222171574831009,0.22578772902488708
