lambda,units,dropout,num_layers,learning_rate,batch_size,fold,accuracy,val_accuracy,mse,val_mse
0.0006539150411656231,128,0.2,2,0.006418404976493428,28,1,0.9777777791023254,0.970588207244873,0.01798212341964245,0.046524401754140854
0.005639386948886895,64,0.1,3,0.006071944484697465,24,2,0.9777777791023254,1.0,0.017763949930667877,0.021412482485175133
0.005264322853726466,32,0.0,2,0.004403659556036458,8,3,0.9777777791023254,0.970588207244873,0.027036791667342186,0.026882514357566833
0.0026112739816578903,128,0.2,2,0.002942827904317666,28,4,1.0,0.8529411554336548,0.003061692463234067,0.12034860998392105
5.293319674994785e-06,64,0.0,2,0.0076092930373832905,22,5,1.0,0.9090909361839294,0.003532107686623931,0.09051521122455597
