lambda,units,dropout,num_layers,learning_rate,batch_size,fold,accuracy,val_accuracy,mse,val_mse
0.0026112739816578903,128,0.2,2,0.002942827904317666,28,4,0.9053254723548889,0.8379629850387573,0.07925430685281754,0.11694759875535965
