{
    "Test Loss": 0.08939588814973831,
    "Test MSE": 0.08939588814973831,
    "Hyperparameters": {
        "n_centers": 41,
        "gamma": 0.10500000000000001,
        "learning_rate": 0.0081,
        "batch_size": 11,
        "tuner/epochs": 50,
        "tuner/initial_epoch": 0,
        "tuner/bracket": 0,
        "tuner/round": 0
    }
}