regularizer,lr,batch_size,fold,accuracy,val_accuracy,mse,val_mse
8.885487549829026e-06,0.011232125564136544,16,5,0.774193525314331,0.7083333134651184,0.1458042412996292,0.1881968230009079
