{
    "Test Loss": 0.2160607874393463,
    "Test MSE": 0.17855243384838104,
    "Final Validation Loss": 0.3115065097808838,
    "Final Validation MSE": 0.2739982008934021,
    "Hyperparameters": {
        "n_centers": 46,
        "gamma": 0.054,
        "learning_rate": 0.0081,
        "batch_size": 1,
        "reg_strength": 0.00030000000000000003,
        "tuner/epochs": 17,
        "tuner/initial_epoch": 6,
        "tuner/bracket": 3,
        "tuner/round": 2,
        "tuner/trial_id": "0034"
    }
}