batch_size,units,dropout,num_layers,units_hidden,learning_rate,momentum,fold,train_loss,val_loss
16,160,0.0,1,32,0.008552788406092913,0.9,1,0.030656713992357254,0.06826039403676987
128,288,0.0,8,256,0.008501519268424304,0.9,2,0.06346094608306885,0.13651111721992493
112,288,0.4,1,192,0.005834270289546123,0.5,3,0.1821586787700653,0.10293910652399063
80,352,0.1,3,128,0.008633892527819412,0.9,4,0.08541402965784073,0.03702292591333389
48,416,0.1,3,256,0.005548950103091091,0.7000000000000001,5,0.09011924266815186,0.032236259430646896
