batch_size,units,dropout,num_layers,units_hidden,learning_rate,momentum,fold,train_loss,val_loss
16,512,0.0,3,32,0.0018188761292135325,0.9,1,0.05349325016140938,0.0729726180434227
96,416,0.2,1,96,0.008241280267654777,0.2,2,0.06224072724580765,0.12947408854961395
32,288,0.0,2,160,0.0064187513646834305,0.8,3,0.030487513169646263,0.0886571854352951
16,224,0.0,2,160,0.006189539451443283,0.9,4,0.033206842839717865,0.023942233994603157
80,160,0.1,4,224,0.00230009078932624,0.9,5,0.061960529536008835,0.03927093744277954
