batch_size,units,dropout,num_layers,units_hidden,learning_rate,momentum,fold,train_loss,val_loss
48,416,0.1,3,256,0.005548950103091091,0.7000000000000001,5,0.09010324627161026,0.09339432418346405
