n_centers,gamma,learning_rate,batch_size,fold,accuracy,val_accuracy,mse,val_mse
120,0.15000000000000002,0.34,16,1,0.834319531917572,0.7152777910232544,0.11617380380630493,0.2037418633699417
